{
    "val_loss": 2.3535644446035753,
    "val_accuracy": 0.18631178707224336,
    "val_macro_f1": 0.10703669393917736,
    "test_loss": 2.3750374914346657,
    "test_accuracy": 0.17647058823529413,
    "test_macro_f1": 0.09835421643757009
}